{
    "loss": 0.8980169892311096,
    "accuracy": 0.5263158082962036
}